b3d2561d7c0557c12fd427c02a16e2f3	Codex Turn	2026-07-08T19:11:52.386Z	2026-07-08T19:11:58.027Z	019f4324-c997-72c1-bae9-9eae62d84fc8	0.174825	4
b3d2561d7c0557c12fd427c02a16e2f3	Codex Turn	2026-07-08T19:11:52.386Z	2026-07-08T19:11:58.027Z	019f4324-c997-72c1-bae9-9eae62d84fc8	0.174825	4
b3d2561d7c0557c12fd427c02a16e2f3	Codex Turn	2026-07-08T19:11:52.386Z	2026-07-08T19:11:58.027Z	019f4324-c997-72c1-bae9-9eae62d84fc8	0.174825	4
b3d2561d7c0557c12fd427c02a16e2f3	Codex Turn	2026-07-08T19:11:52.386Z	2026-07-08T19:11:58.027Z	019f4324-c997-72c1-bae9-9eae62d84fc8	0.174825	4
b3d2561d7c0557c12fd427c02a16e2f3	Codex Turn	2026-07-08T19:11:52.386Z	2026-07-08T19:11:58.027Z	019f4324-c997-72c1-bae9-9eae62d84fc8	0.174825	4
b3d2561d7c0557c12fd427c02a16e2f3	Codex Turn	2026-07-08T19:11:52.386Z	2026-07-08T19:11:58.027Z	019f4324-c997-72c1-bae9-9eae62d84fc8	0.174825	4
b3d2561d7c0557c12fd427c02a16e2f3	Codex Turn	2026-07-08T19:11:52.386Z	2026-07-08T19:11:58.027Z	019f4324-c997-72c1-bae9-9eae62d84fc8	0.174825	4
b3d2561d7c0557c12fd427c02a16e2f3	Codex Turn	2026-07-08T19:11:52.386Z	2026-07-08T19:11:58.027Z	019f4324-c997-72c1-bae9-9eae62d84fc8	0.174825	4
b3d2561d7c0557c12fd427c02a16e2f3	Codex Turn	2026-07-08T19:11:52.386Z	2026-07-08T19:11:58.027Z	019f4324-c997-72c1-bae9-9eae62d84fc8	0.174825	4
b3d2561d7c0557c12fd427c02a16e2f3	Codex Turn	2026-07-08T19:11:52.386Z	2026-07-08T19:11:58.027Z	019f4324-c997-72c1-bae9-9eae62d84fc8	0.174825	4
